1,0.0,0.0,8.285206492897519,2.2491042735155102,10.501567782624525,0.0,0
2,0.0,0.0,8.284418755579534,2.2477476920578923,10.498643868996815,0.0,0
3,0.0,0.0,8.283631134388674,2.246393363461531,10.495722324357487,0.0,0
4,0.0,0.0,8.282842248848912,2.244991532339985,10.492752012844072,0.0,0
5,0.0,0.0,8.28205564193612,2.2436698999322235,10.48986417867141,0.0,0
6,0.0,0.0,8.28126658564191,2.2422580948503903,10.486883722443261,0.0,0
7,0.0,0.0,8.28047975710829,2.240924610484174,10.48398381469132,0.0,0
8,0.0,0.0,8.279693578076767,2.2396125576620327,10.481105987985547,0.0,0
9,0.0,0.0,8.27889981544512,2.2380257011992186,10.477945774038979,0.0,0
10,0.0,0.0,8.278109837387186,2.2365732166296732,10.474923716559392,0.0,0
11,0.0,0.0,8.277321712326804,2.2351855026220733,10.471968282639304,0.0,0
12,0.0,0.0,8.276534105703892,2.2338145238397127,10.469030102381923,0.0,0
13,0.0,0.0,8.275744126576864,2.232356403213904,10.466002407776982,0.0,0
14,0.0,0.0,8.274954336127536,2.2309032208687003,10.462979840130343,0.0,0
15,0.0,0.0,8.274166825639881,2.229530047361223,10.460039561283104,0.0,0
16,0.0,0.0,8.273379449472227,2.2281597922308145,10.457102335132934,0.0,0
17,0.0,0.0,8.272591418521555,2.2267641448591,10.45413906195844,0.0,0
18,0.0,0.0,8.271807239854159,2.225504762506453,10.45131590608629,0.0,0
19,0.0,0.0,8.271020344809342,2.224146016980856,10.448390670663768,0.0,0
20,0.0,0.0,8.270232295823947,2.2227440113219523,10.44542102116736,0.0,0
21,0.0,0.0,8.269444396829199,2.2213455069115153,10.442455022910067,0.0,0
22,0.0,0.0,8.268659458373158,2.220051147125283,10.439596129815685,0.0,0
23,0.0,0.0,8.26787340094294,2.2187147779816407,10.43669410838972,0.0,0
24,0.0,0.0,8.267082011680657,2.2171856880671417,10.433594034360828,0.0,0
25,0.0,0.0,8.266293881127611,2.215771405462395,10.430612026350929,0.0,0
26,0.0,0.0,8.26550917999579,2.2144778996483625,10.427754224552968,0.0,0
27,0.0,0.0,8.264724457921773,2.2131816980620984,10.424893706040578,0.0,0
28,0.0,0.0,8.263940492573875,2.211910593550347,10.422059041328822,0.0,0
29,0.0,0.0,8.263145990111228,2.2102611236577525,10.418835474121474,0.0,0
30,0.0,0.0,8.262351675963929,2.2086167274701407,10.415617168934457,0.0,0
31,0.0,0.0,8.261563556633915,2.207191787644441,10.412624514926634,0.0,0
32,0.0,0.0,8.260775865954193,2.205780305124425,10.409645746874789,0.0,0
33,0.0,0.0,8.259987027094304,2.204326025209029,10.406623033247397,0.0,0
34,0.0,0.0,8.25919733782708,2.202839616005727,10.403567339924765,0.0,0
35,0.0,0.0,8.258409778564321,2.2014273371944513,10.400587906998622,0.0,0
36,0.0,0.0,8.257622692068738,2.200030060650495,10.397623949106974,0.0,0
37,0.0,0.0,8.256840686387067,2.1988118768648843,10.394844164787585,0.0,0
38,0.0,0.0,8.256059129150248,2.19760767079625,10.392078806630025,0.0,0
39,0.0,0.0,8.255274031101012,2.196275453022866,10.389181895955296,0.0,0
40,0.0,0.0,8.2544914207908,2.1950298424840886,10.3863740802542,0.0,0
41,0.0,0.0,8.253708168188659,2.1937594260718214,10.383540816387685,0.0,0
42,0.0,0.0,8.252923238947217,2.192427458361799,10.380644324584113,0.0,0
43,0.0,0.0,8.252135109947519,2.190979878431587,10.377629020802095,0.0,0
44,0.0,0.0,8.251341782807549,2.189345828648632,10.374422049027062,0.0,0
45,0.0,0.0,8.250548042758053,2.187695476991501,10.371198362468329,0.0,0
46,0.0,0.0,8.249753541324333,2.1860164762726138,10.367945265463614,0.0,0
47,0.0,0.0,8.2489648716054,2.184542800881163,10.364903325501123,0.0,0
48,0.0,0.0,8.24817456441508,2.183009275777894,10.361799898355427,0.0,0
49,0.0,0.0,8.247388506431802,2.1816246834656288,10.358849653207775,0.0,0
50,0.0,0.0,8.246601742048666,2.180213214306229,10.356541607412181,0.0,0
51.0,0.4178462410963876,0.016017151906931287,8.245813799755448,2.1787581963972777,12.55052901342317,0.4178462410963876,1
52.0,0.43246310148714473,0.016761534632722706,8.245024284665536,2.177245698510085,12.548971383171857,0.43246310148714473,1
53.0,0.45256143508351304,0.017495195987588485,8.244230092354243,2.175565895069479,12.547231048774822,0.45256143508351304,1
54.0,0.4723702916648891,0.018347941937234415,8.243439932302623,2.1740271930584156,12.545754932661785,0.4723702916648891,1
55.0,0.4953944323053292,0.019225473536552965,8.242650944563747,2.1725282525237968,12.544344535987609,0.4953944323053292,1
56.0,0.51908778548693,0.0200652894255228,8.24186086975515,2.1709891393405067,12.54285516388469,0.51908778548693,1
57.0,0.5417628144891157,0.02070493091364381,8.241065421598691,2.1695512287596372,12.541261446635481,0.5417628144891157,1
58,0.5590331346683829,0.02156008527673464,8.240668122668039,2.1687000371086653,12.540868110416948,0.5590331346683829,1
59,0.5821223024718353,0.02234925702289212,8.240270831205512,2.1678487213504534,12.540408674942368,0.5821223024718353,1
60,0.6034299396180872,0.02326420200132165,8.239870165385614,2.166877854987517,12.539952087737964,0.6034299396180872,1
61,0.6281334540356845,0.02454580068962971,8.239464803017666,2.1657408434706746,12.539691312541482,0.6281334540356845,1
62,0.6627366186200022,0.025208226738293857,8.239067125013296,2.1648748228428167,12.539090039957918,0.6627366186200022,1
63,0.6806221219339341,0.026600314079971654,8.238663072236617,2.1637834649323127,12.538986716612413,0.6806221219339341,1
64,0.7182084801592347,0.02743812942038669,8.238263147768611,2.1628374872599996,12.53847862981251,0.7182084801592347,1
65,0.7408294943504407,0.02863254989297669,8.237862831098175,2.1618773355755696,12.538312581930233,0.7408294943504407,1
66,0.7730788471103706,0.030019168571002938,8.237462179218346,2.1609050303178905,12.53832624347075,0.7730788471103706,1
67,0.8105175514170794,0.03092646989826805,8.237064673851785,2.160043327114876,12.53797433622844,0.8105175514170794,1
68,0.8350146872532374,0.031697091384271014,8.236667316449955,2.159186458731041,12.537490731928779,0.8350146872532374,1
69,0.8558214673753174,0.03348792348293209,8.236259659336932,2.15796625566216,12.537653703845535,0.8558214673753174,1
70,0.9041739340391665,0.03487154793487111,8.235848144055643,2.156609945308452,12.537269502662477,0.9041739340391665,1
71,0.9415317942415199,0.03727827474808418,8.235435109396711,2.155200023534977,12.537853273043282,0.9415317942415199,1
72,1.006513418198273,0.039391149573042336,8.235031129239866,2.1541088156850927,12.538470959861511,1.006513418198273,1
73,1.063561038472143,0.041794073737756544,8.234624909322285,2.1529385128571614,12.539297361280713,1.063561038472143,1
74,1.1284399909194267,0.042623453362740406,8.234229606626437,2.152152146998533,12.53894507235122,1.1284399909194267,1
75,1.150833240793991,0.04440835747062581,8.233832517102991,2.1513025070382525,12.53948324697538,1.150833240793991,1
76,1.199025651706897,0.046488765444029495,8.233435370763342,2.150450485098101,12.540314486668983,1.199025651706897,1
77,1.2551966669887964,0.048540574176251454,8.23303750850147,2.1495729054609503,12.541090853502181,1.2551966669887964,1
78,1.3105955027587892,0.05152893991211333,8.232632649302055,2.148448963043624,12.542550417621301,1.3105955027587892,1
79,1.39128137762706,0.05510888633536533,8.232221623402722,2.1471080347164824,12.54437840981808,1.39128137762706,1
80,1.4879399310548638,0.058454692453898685,8.231810780699885,2.145773436084641,12.545978774601934,1.4879399310548638,1
81,1.5782766962552646,0.062461880852047,8.231401754332229,2.144502527176214,12.548306027724,1.5782766962552646,1
82,1.686470783005269,0.0668751837758447,8.230984878723122,2.1429558378649602,12.550755765727436,1.686470783005269,1
83,1.805629961947807,0.06954999109894497,8.23058307442723,2.141938236101311,12.552011166990994,1.805629961947807,1
84,1.8778497596715142,0.07286838179191119,8.23018455822029,2.1410357308305272,12.554028536206237,1.8778497596715142,1
85,1.967446308381602,0.07676079614214837,8.229783358325818,2.140038709793391,12.556522729624865,1.967446308381602,1
86,2.072541495838006,0.0815865750108723,8.229376232872015,2.1388335278489037,12.5597362010953,2.072541495838006,1
87,2.202837525293552,0.08565414106602959,8.228961281237961,2.1373537129971005,12.561909000664599,2.202837525293552,1
88,2.312661808782799,0.0890529448314848,8.228548080741701,2.135935277512103,12.563476168448796,2.312661808782799,1
89,2.4044295104500897,0.09053430151640343,8.228154957694816,2.135220386532375,12.563849511107101,2.4044295104500897,1
90,2.4444261409428925,0.09377827461178379,8.227757498048403,2.1343531142999326,12.565828752323625,2.4444261409428925,1
91,2.532013414518162,0.09438491755537087,8.227728261968007,2.1345976601388092,12.566391439920933,2.532013414518162,2
92,2.5483927739950136,0.09490096832036489,8.227630162942688,2.1346737732556096,12.566640589532781,2.541392616166488,2
93,2.562326144649852,0.09606527328166906,8.228388110787265,2.1362729849959976,12.566515104702288,2.5487132752164063,2
94,2.5937623786050645,0.09691821185570676,8.228973210581167,2.1375602222531422,12.569178086386977,2.4816818759991075,2
95,2.6167917201040827,0.0978799369307368,8.229791149406005,2.1391252978924284,12.572456545231846,2.5030292811074437,2
96,2.6427582971298933,0.09841124236936781,8.229935679386603,2.1397727956878314,12.573711957949424,2.5272062793875625,2
97,2.657103543972931,0.09929591443532951,8.230557590375229,2.1412652175825757,12.576636240188929,2.5397176728100868,2
98,2.6809896897538965,0.10009940524958676,8.231085337052667,2.142635338281111,12.579256125110332,2.5615863054257293,2
99,2.7026839417388424,0.10099952935412504,8.23182515590382,2.144251257108205,12.582430175662532,2.58108077915231,2
100,2.7269872925613763,0.10181709147231673,8.232372463338027,2.145702448214824,12.585163209563317,2.603175226749057,2
101,2.7490614697525517,0.1026092026126649,8.232901527866062,2.1471697846609086,12.587859845502306,2.6230076814679695,2
102,2.7704484705419525,0.10339587151503456,8.233471554612382,2.1486905061420596,12.590638452036425,2.641914025519463,2
103,2.791688530905933,0.10373991380614211,8.233459524247452,2.1490914556233087,12.591288839699645,2.6604861997989433,2
104,2.8009776727658373,0.1037524417852415,8.233012354285556,2.148622121445997,12.590361280069683,2.667545850565286,2
105,2.8013159282015203,0.1046764040278427,8.233759786248132,2.150041937707197,12.5934232963194,2.667247352314927,2
106,2.826262908751753,0.10566189958197003,8.234663928891553,2.1516506554155357,12.596884376770797,2.691406089015339,2
107,2.8528712887131906,0.10629236035558891,8.235040954779794,2.1525199235933092,12.598722304593814,2.717008031705527,2
108,2.8698937296009004,0.10695633383052586,8.235522827284562,2.1534690456842887,12.600777764067715,2.7329821431445747,2
109,2.887821013424198,0.10711692162555579,8.235307220205353,2.153311982088605,12.600541855971475,2.749842694854757,2
110,2.8921568838900065,0.10819043839189943,8.236313895567589,2.1550566745482995,12.604336735838352,2.753535284478331,2
111,2.9211418365812847,0.10835454397397631,8.236102032901593,2.1549099734454553,12.604118220716638,2.7817101096918995,2
112,2.9255726872973606,0.10905069883039427,8.236682489625897,2.1558453864481226,12.606305118109113,2.7854914231642476,2
113,2.944368868420645,0.10965181255597392,8.237053936562711,2.156602461882207,12.608007308158122,2.8036091701328174,2
114,2.960598939011296,0.11059141571132582,8.237914383218552,2.158085889498631,12.611258718716376,2.8190981974417806,2
115,2.985968224205797,0.11152318127367437,8.238719640483307,2.159577096060754,12.614451242781396,2.843601677163496,2
116,3.0111258943892083,0.1125156290177811,8.239752897968996,2.1610994401247643,12.617973720079101,2.8677953035933204,2
117,3.0379219834800897,0.11368427362417606,8.241103642348364,2.1629760348346916,12.622342761403845,2.893900948789494,2
118,3.0694753878527536,0.11421756066442965,8.241416312033186,2.163583745415864,12.623767705506362,2.92472690914658,2
119,3.0838741379396004,0.11495556961800113,8.242066438303937,2.164606312330156,12.626149450624467,2.938350132732717,2
120,3.1038003796860307,0.11594189100294636,8.24311665063596,2.1661783306539255,12.62972309351632,2.9574945349254134,2
121,3.1304310570795515,0.11696697412853503,8.244359625026691,2.1678848044738412,12.633655486762791,2.9831826652990303,2
122,3.158108301470446,0.11802686585059805,8.245658092526625,2.1697450315973934,12.637821510385292,3.009722181266259,2
123,3.1867253779661473,0.11910893827498627,8.247035521954867,2.1717170628476916,12.642192470096605,3.036920064239618,2
124,3.215941333424629,0.12000291682930683,8.248212984627473,2.173343330291155,12.645820374189352,3.064500538124444,2
125,3.2400787543912846,0.12057317332165013,8.248819963162685,2.174238036342448,12.64782668932222,3.086753235494757,2
126,3.2554756796845536,0.12146118997417638,8.24988804323742,2.1758936084483786,12.651366671861856,3.100378260246606,2
127,3.2794521293027623,0.12155618784101474,8.249701494746335,2.175664296638332,12.651019775145063,3.122419179938824,2
128,3.282017071707398,0.12297382437096442,8.251456524651786,2.1780829710661904,12.65658619449862,3.124281196715934,2
129,3.3202932580160396,0.12435039570777369,8.253310416299492,2.1804208946685018,12.66212708999364,3.1618845022625983,2
130,3.3574606841098897,0.12522663211533971,8.25448841520279,2.1817599457108336,12.665490555189603,3.1983096688776476,2
131,3.3811190671141724,0.12583527217741064,8.255382606326307,2.1825959540489612,12.667793987959437,3.2211628806366375,2
132,3.397552348790087,0.1268719676339938,8.256937879861372,2.18436226344031,12.672109921526404,3.236640179957758,2
133,3.425543126117833,0.12759999055928273,8.25799728278387,2.1855323719672364,12.675017299894632,3.2634876472527568,2
134,3.4451997451006338,0.1287848608270921,8.2597277952416,2.18776462153869,12.680103863342499,3.2817900540604747,2
135,3.4771912423314864,0.13010040436858022,8.261663326656473,2.1904014489638386,12.68591651744559,3.312132692364889,2
136,3.512710917951666,0.13105460712884773,8.263139375027514,2.1923012187173034,12.690160295376941,3.345620664467774,2
137,3.538474392478889,0.13132043935857637,8.263326210122546,2.192451901702174,12.690735521664466,3.3690555792526444,2
138,3.545651862681562,0.13250433539758136,8.265184852970501,2.194551040901781,12.695837871285226,3.3754737008584037,2
139,3.5776170557346965,0.1326084924702149,8.26513895414459,2.1944079145777087,12.695715362084647,3.406377025334727,2
140,3.580429296695802,0.1327720877693305,8.265121274006818,2.194363663982372,12.69579018801669,3.408172955968655,2
141,3.5848463697719235,0.1331370404609783,8.265396179321696,2.1947313629649505,12.696770588285752,3.411865385927795,2
142,3.594700092446414,0.13337727697266558,8.265500284230315,2.1948556720227885,12.697211230510398,3.420985877161134,2
143,3.6011864782619707,0.13397265307125233,8.266216467735921,2.1957008310951642,12.699340501346615,3.426716040132258,2
144,3.617261632923813,0.1347894717065726,8.267349335909609,2.197022046384034,12.702579859196117,3.4420501031046316,2
145,3.63931573607746,0.13596948486482713,8.269263466362576,2.199189457160602,12.707796768794692,3.4632525115521324,2
146,3.6711760913503326,0.13697346698513113,8.270900256865984,2.201055311432096,12.71224786778715,3.493907457516201,2
147,3.6982836085985404,0.13742304172087474,8.271520232587974,2.2017447952574623,12.713947171393785,3.519515721390206,2
148,3.710422126463618,0.13814424141669107,8.272674719024309,2.203060764214761,12.717075394458705,3.530041510990731,2
149,3.729894518250659,0.13903385521009864,8.273992924501693,2.2045699515620703,12.720760198022772,3.5478012381154542,2
150,3.7539140906726636,0.1404796409767074,8.276340936115156,2.207125060779029,12.72708557535438,3.570951328078542,2
151,3.7929503063711,0.14163935958080232,8.278340615856218,2.2091092132472623,12.732202876772465,3.609352253610579,2
152,3.8242627086816627,0.1423607251154729,8.279539113722953,2.210223123092122,12.735208011227806,3.639955922247906,2
153,3.8437395781177686,0.1425446083728424,8.279720956687024,2.2102596685768634,12.735581774671413,3.6586595443290424,2
154,3.848704426066745,0.14336202890101557,8.281147103871625,2.211605480339226,12.739138075852681,3.662854669188472,2
155,3.8707747803274204,0.1442386453972176,8.282754610806192,2.2131396153533536,12.743112483716535,3.6840319095147276,2
156,3.894443425724875,0.1450167165599535,8.284186335851071,2.214525657832774,12.74665446356704,3.706516589224026,2
157,3.9154513471187444,0.14592636763293787,8.285983188092374,2.2162810791031813,12.751048833044946,3.726070322031565,2
158,3.9400119260893227,0.14655338035026294,8.287012486565818,2.217377293528669,12.753744369047816,3.748806913118873,2
159,3.9569412694570993,0.14746374967553935,8.288632767144147,2.219158243771598,12.757988332668974,3.7641975369251863,2
160,3.9815212412395624,0.14834438873476763,8.290303755163643,2.2209283653343563,12.762234464125056,3.786951322522464,2
161,4.005298495838726,0.14942763932596378,8.29244279352653,2.223263638994022,12.767701335994216,3.8086869131158174,2
162,4.034546261801022,0.15036000862648397,8.294405477886928,2.2253606691382006,12.772585224022452,3.835486028974256,2
163,4.059720232915067,0.1500147878329579,8.29543303983469,2.2263491035965113,12.769604104167664,3.857738714113054,2
164,4.050399271489863,0.15049186033717235,8.296922510665159,2.2277596665961883,12.773159833977843,3.7228165750698166,2
165,4.063280229103653,0.15000126013415374,8.296346741010952,2.2269491036419353,12.771501049022826,3.7405203665307116,2
166,4.050034023622151,0.1499823406386089,8.296746161392464,2.2270604601759425,12.772200893351224,3.7331641531736626,2
167,4.049523197242441,0.15061716467899244,8.298567649999484,2.2284584538669585,12.776252269259732,3.7382689733213805,2
168,4.066663446332796,0.15140988145968232,8.300534271481705,2.2301518830044804,12.780889973591176,3.760730100804169,2
169,4.088066799411423,0.15251492541383957,8.303046324674328,2.232636268071512,12.787143091307891,3.7871267510200366,2
170,4.117902986173668,0.15281722267079617,8.303886497225916,2.233417215074797,12.789204716913277,3.8210570963606565,2
171,4.126065012111496,0.15271060933410052,8.303919115302103,2.233262224824645,12.789129600945623,3.8329507597245414,2
172,4.123186452020714,0.15359316833935122,8.306022459711409,2.2351733733432337,12.794159190714064,3.834226677294958,2
173,4.147015545162483,0.15373361182266979,8.306556863619255,2.2355248154529574,12.795310615732419,3.861634291989706,2
174,4.150807519212084,0.15358250862660816,8.30647007923505,2.2352387216983227,12.794916288625743,3.8688049250109,2
175,4.1467277329184205,0.15426568989901163,8.308153887485059,2.2366567101302333,12.798817373447447,3.8682258028793197,2
176,4.1651736272733135,0.15473346060128662,8.309227572378845,2.2376574454311564,12.801460443214387,3.889806582653478,2
177,4.177803436234739,0.15492519633084864,8.309821191107744,2.2380254791885714,12.802721600046361,3.9051601211036906,2
178,4.182980300932913,0.1554687447409475,8.311345713134624,2.239135299239323,12.805992583111829,3.913246738436522,2
179,4.1976561080055825,0.15594724307102006,8.312665205968296,2.2401372304850384,12.808871546382505,3.930436045108092,2
180,4.210575562917541,0.1560174838743794,8.312990273575355,2.2402318890804844,12.809451318152435,3.9454896032729505,2
181,4.212472064608243,0.15694697829071835,8.315187708498497,2.2421797394671197,12.814591200517167,3.949810833593379,2
182,4.237568413849395,0.15699800639005682,8.315610716469036,2.242216702095909,12.815181836271822,3.9766649540771715,2
183,4.238946172531534,0.1558792858916811,8.315966172469064,2.242282932339987,12.809655211758644,3.980192913270997,2
184,4.20874071907539,0.1564849017856808,8.317930157893484,2.2439290572715604,12.814200959098448,3.8195885228243154,2
185,4.225092348213382,0.15663119520048133,8.318820356602588,2.244597739056395,12.816220142034908,3.8448507213872407,2
186,4.229042270412996,0.15650518844882647,8.319309365726362,2.2447004906157204,12.816979937451569,3.8572788873353203,2
187,4.225640088118315,0.1566209400161301,8.320222368460913,2.2452508567683354,12.818840231182072,3.86181582514148,2
188,4.228765380435513,0.15637685402595256,8.320358051518102,2.245049249336548,12.81879695971853,3.872532795911583,2
189,4.222175058700719,0.15465304238819433,8.320800573304595,2.2451004538913564,12.81347428682737,3.8731444245100772,2
190,4.175632144481247,0.15445359463930136,8.321394593188568,2.2454007036123107,12.814635116330159,3.7161016452336373,2
191,4.170247055261137,0.154043193374657,8.321481543249797,2.245202380806713,12.81456321625122,3.7232987624758813,2
192,4.159166221115739,0.15390058248376293,8.322177381579339,2.2455134226084885,12.815850131132844,3.7243645244424157,2
193,4.155315727061599,0.1539861938805945,8.323290053812734,2.246273907958101,12.818203204321248,3.731925462700743,2
194,4.157627234776052,0.1542811238880258,8.32454585133656,2.2474448897908883,12.821294417527472,3.744883184046456,2
195,4.165590344976697,0.15428815817451375,8.325253939550658,2.2479168649997114,12.822845562219083,3.7628228979858966,2
196,4.165780270711871,0.15406211684184645,8.325481507101193,2.2478884748906762,12.823162857858986,3.7728420922405124,2
197,4.159677154729854,0.15362754481899502,8.325206292972338,2.247406212780348,12.822298105980975,3.7760312835973604,2
198,4.147943710112865,0.15381391878360073,8.326131119854981,2.2481529014566064,12.82446361330287,3.7731348413490577,2
199,4.15297580715722,0.15355348709152722,8.326140715117617,2.247955306953372,12.824309673548873,3.786472618949847,2
200,4.145944151471235,0.15314317329114627,8.325861509653102,2.247429537434795,12.823373548878731,3.787392225088067,2
201,4.134865678860949,0.15354968241011424,8.327288389246576,2.2485526230845108,12.82658890871493,3.78385118353776,2
202,4.145841425073084,0.15405805281197446,8.328936886623854,2.249940808442529,12.830363118278582,3.801816837549008,2
203,4.159567425923311,0.15412099586542477,8.329667941064134,2.2503672476672514,12.831797514609855,3.821730061914616,2
204,4.161266888366469,0.15412867904009134,8.330258099312225,2.250667457945559,12.8328931628516,3.8292064339039245,2
205,4.161474334082466,0.15377320563514676,8.32997988590944,2.2501314199216895,12.831939312833509,3.8347489862182442,2
206,4.151876552148963,0.15383321981499246,8.330613888176856,2.2504177390147615,12.833121970846827,3.830979824249468,2
207,4.153496935004796,0.15375978802573598,8.33090687383049,2.2504041400675225,12.833522570398245,3.8380629138759246,2
208,4.151514276694871,0.1538690755118483,8.331579843999535,2.2507363388242174,12.834821646199378,3.8413356606915037,2
209,4.154465038819905,0.15403880212787197,8.332388776066896,2.251190443177531,12.836424483494811,3.849271146327139,2
210,4.159047657452543,0.1542761545999381,8.333361387711058,2.2517816228164915,12.838382028021252,3.8584457699456385,2
211,4.1654561741983285,0.15418430313520612,8.333484965948692,2.2516919060174674,12.838467166369314,3.869077107515242,2
212,4.1629761846505655,0.15435645241837567,8.334191217985317,2.252150441696509,12.839935114506629,3.87046158407046,2
213,4.167624215296144,0.15448425346891448,8.334850120208106,2.252508067324859,12.841201157318771,3.878646915454953,2
214,4.171074843660691,0.15497437418682194,8.336253934849527,2.2536624148325335,12.844354051209216,3.8853838194020387,2
215,4.184308103044192,0.15560380758392298,8.33788264046919,2.255175979610894,12.84820926056075,3.9014415764184354,2
216,4.201302804765921,0.15622392280841976,8.339652409898768,2.25672747551331,12.852213653259493,3.9206909281632494,2
217,4.218045915827334,0.15680350488950265,8.341371811056227,2.258235707901894,12.856066090040866,3.9391353670654294,2
218,4.233694632016571,0.15730695202292147,8.342943191397207,2.2596154122413195,12.859548407541945,3.956005054419337,2
219,4.24728770461888,0.15801252832385362,8.344982677799276,2.2615244148013667,12.86421622214955,3.970348340577516,2
220,4.266338264744048,0.15858019296326953,8.346742635214154,2.263162158774731,12.868176851891876,3.9897701330056563,2
221,4.281665210008278,0.15885004658600912,8.347699742217879,2.264088099038086,12.87031437260052,4.004969198565917,2
222,4.288951257822246,0.15921436966789534,8.349011649528467,2.265291254987626,12.873166889721974,4.011839981488154,2
223,4.298787981033175,0.1595016531940356,8.350261300685151,2.2663376247934974,12.875711139584512,4.020951235743888,2
224,4.306544636238961,0.159712593452223,8.35132853980455,2.267241338876756,12.877836091168243,4.027653416043423,2
225,4.312240023210021,0.15972963856104408,8.351816313603964,2.2676485897722336,12.878685892186748,4.0318113723324025,2
226,4.31270024114819,0.15989679413302654,8.352580077826785,2.2682407163650544,12.88023702903397,4.030590333069943,2
227,4.317213441591717,0.16024641220757055,8.353917664337747,2.2691081390117276,12.882861144476077,4.035861975922598,2
228,4.326653129604405,0.16050997890002394,8.355095380929368,2.2698310483598774,12.88507387968088,4.047177845603383,2
229,4.333769430300647,0.16079167866272942,8.356266934269149,2.2706431998259173,12.887367560199019,4.0556047957592085,2
230,4.341375323893694,0.16092167330427543,8.357110387260642,2.2711378041965085,12.888845864104486,4.06397413999183,2
231,4.344885179215437,0.16107826745696732,8.357942416917634,2.271730791375563,12.890422778733766,4.067760796663157,2
232,4.349113221338118,0.16149509406756218,8.359339390489616,2.2730062136552376,12.893494135506106,4.071862037080474,2
233,4.360367539824179,0.1618788232804912,8.360706306080141,2.274247372184254,12.896453802670155,4.082633981938933,2
234,4.370728228573262,0.16209839176238244,8.361679856898263,2.2751186336185976,12.898470123255255,4.092126994140646,2
235,4.376656577584326,0.16238537052922444,8.36264556026039,2.2762083718421637,12.900753843782319,4.096757719121777,2
236,4.38440500428906,0.16250218831802427,8.363233939163324,2.276483131006951,12.901824542399302,4.102921250538788,2
237,4.3875590845866554,0.1629490662566109,8.364633971739034,2.277447592322814,12.904717980123946,4.108525385368831,2
238,4.399624788928494,0.16342348262333792,8.366089604524689,2.278536275521367,12.907795379786828,4.122806868861781,2
239,4.4124340308301235,0.16387599159908092,8.367619868305022,2.279646840221427,12.910923536773607,4.137200128185968,2
240,4.424651773175185,0.16428641124600116,8.369072492117173,2.2807040551717925,12.913862882284931,4.150357997858348,2
241,4.435733103642031,0.1645593650104032,8.370228051762103,2.2814870070527937,12.916076726397094,4.161954680076135,2
242,4.443102855280886,0.16493743678234496,8.371608404715468,2.282569286512748,12.918903082664794,4.1693886599043815,2
243,4.453310793123314,0.16523879248055992,8.372737000147309,2.2835167414824515,12.921249569477727,4.179209203972657,2
244,4.461447396975118,0.16547080516986826,8.373526571284474,2.284315194597822,12.923032442679583,4.186510987080136,2
245,4.467711739586443,0.16543158845567688,8.373797406232933,2.284442066647372,12.923354507779104,4.191771908711803,2
246,4.466652888303275,0.16534863801904934,8.374049925335418,2.284419822638445,12.923495146806113,4.1897295774526215,2
247,4.464413226514332,0.1656827959137222,8.375265342896757,2.28536804660937,12.925995709831133,4.187309403655801,2
248,4.473435489670499,0.16622515208340236,8.37693931267674,2.2868632317576605,12.929694587165038,4.196406283960221,2
249,4.488079106251863,0.16654789078541765,8.378077910657696,2.2877689938819192,12.93206697542147,4.210708788912307,2
250,4.496793051206277,0.1667246015593709,8.378837966233542,2.2881054373317435,12.93342326184172,4.21956554899518,2
251,4.501564242103014,0.1667814392647774,8.379415514463659,2.2881852980160016,12.934217807229526,4.2265798086488235,2
252,4.50309886014899,0.16729004858411223,8.381080111469025,2.2892798684983204,12.937536201677805,4.230282493431493,2
253,4.51683131177103,0.16783481155633254,8.382690746907148,2.290523913680432,12.940963771426926,4.245381621367523,2
254,4.531539912020978,0.16826314235716555,8.38409397444946,2.291462727160567,12.943771408897415,4.260849627847464,2
255,4.54310484364347,0.16871512841397893,8.385634215568437,2.2925034452927857,12.94682387800922,4.273420731944592,2
256,4.555308467177431,0.16849692712105047,8.385437642880047,2.292009368785044,12.945978544839894,4.286151498180994,2
257,4.549417032268362,0.16854182412240987,8.38577846935375,2.2920443403033626,12.946457031389143,4.281975030904813,2
258,4.550629251305066,0.16864483237226444,8.386261931564611,2.2922000464043437,12.94725060232591,4.284747621949909,2
259,4.55341047405114,0.16889102578760623,8.387038506309251,2.2926541224399855,12.948772133705583,4.288916492822878,2
260,4.5600576962653685,0.16909806146089315,8.38773518923579,2.2930127902477997,12.95007939051255,4.29677026900646,2
261,4.565647659444115,0.16916602862824998,8.388258348618411,2.2931021958768514,12.950794485988183,4.303571732966992,2
262,4.567482772962749,0.16929656040953295,8.388946357179467,2.2933608868083875,12.951887450537033,4.3063400554939335,2
263,4.57100713105739,0.16921358016097696,8.389013567096328,2.2931735034798177,12.951691140457436,4.3102892120128855,2
264,4.568766664346378,0.16906705665179536,8.388920541755988,2.2928524340071985,12.951133629670613,4.308233521979944,2
265,4.564810529598475,0.1693301877771983,8.38965751894656,2.2934448872666056,12.952723142226791,4.304361290685629,2
266,4.571915069984354,0.1698264159017004,8.390822556529109,2.2945423901895716,12.955480845078602,4.3113835075530025,2
267,4.5853132293459105,0.16959642866684665,8.390529635287429,2.2940186257457094,12.954454895476667,4.324752890903029,2
268,4.57910357400486,0.1694972311737014,8.390498443895819,2.293727948150259,12.954077046855035,4.319102765160461,2
269,4.576425241689938,0.16941021918432217,8.39049980373079,2.293457704694084,12.953762278148899,4.317591315027046,2
270,4.574075917976699,0.16917575024641265,8.390182674099881,2.2928883807352696,12.95268059902312,4.3163524177338415,2
271,4.567745256653142,0.16949548600548725,8.39094594968655,2.2934360247107803,12.954346340685992,4.311081328260316,2
272,4.576378122148156,0.17055773071240038,8.393230758678639,2.295589742276956,12.959863165687214,4.3206615249790135,2
273,4.60505872923481,0.17101338489084433,8.394215385135254,2.2965155832684285,12.962230481807298,4.3497755829388405,2
274,4.617361392052797,0.17195350034450319,8.396243042805184,2.298550506352548,12.967219533149617,4.362110497082751,2
275,4.642744509301586,0.17225045740414868,8.396934115971474,2.299110588176068,12.968773992167485,4.387125202966057,2
276,4.650762349912014,0.17325466463962816,8.399118480225686,2.301025398729302,12.973902273133895,4.395314411723597,2
277,4.67787594526996,0.17382154536143052,8.400474845802924,2.302044302071915,12.976867411679592,4.423100278015619,2
278,4.693181724758624,0.17411808456199482,8.401338991734448,2.3025399270972753,12.978538838256334,4.439026757913532,2
279,4.7011882831738605,0.17400447024563612,8.401288679163788,2.302210491751241,12.978054133365537,4.447441459649648,2
280,4.698120696632175,0.17452578759727846,8.402479353875464,2.303236032437859,12.980786941884336,4.444607621348924,2
281,4.712196265126519,0.17501366388070336,8.403476084675903,2.3041475375605907,12.983188026284738,4.458555635602549,2
282,4.725368924778991,0.17480779537946892,8.403177200219556,2.303614805210441,12.982166231377395,4.471862544487802,2
283,4.71981047524566,0.17446341077137728,8.40261639868091,2.302803716663419,12.980465383599899,4.466727735764956,2
284,4.710512090827186,0.17276486938265492,8.402832489234482,2.3018181381511034,12.978012911076831,4.4578458780855446,2
285,4.664651473331683,0.17279319896483422,8.403041401968883,2.301756442964168,12.978205590340927,4.412405294848806,2
286,4.665416372050524,0.1731601914562101,8.403952478320708,2.302400198178991,12.980137042503863,4.413632761197818,2
287,4.675325169317673,0.17363740265880132,8.405081368256742,2.303310773349925,12.982651214219414,4.423801517297589,2
288,4.6882098717876355,0.173777803766135,8.405516545481712,2.3035347599252085,12.983440150763096,4.436618595729374,2
289,4.692000701685645,0.17352082227143587,8.405123038335118,2.302917361719146,12.98216318592028,4.440122459801973,2
290,4.685062201328768,0.17396080565352207,8.406046073187657,2.3038042737749835,12.984396555124974,4.432938853567677,2
291,4.696941752645095,0.17374079542789847,8.405698679726726,2.30323994964327,12.9832815741678,4.444371255568247,2
292,4.691001476553259,0.17433718186145228,8.406828771127872,2.3043383997324987,12.986117166636655,4.438883144725956,2
293,4.707103910259211,0.1743499507539972,8.406900033438625,2.304236646998579,12.986113715129392,4.455273521144961,2
294,4.707448670357924,0.1750808390573714,8.408309250311328,2.3056237910558006,12.989645151965636,4.456003571874331,2
295,4.727182654549027,0.17585558158423076,8.409846930634881,2.307165905638452,12.993488895026875,4.475850621344961,2
296,4.748100702774231,0.17622849825024298,8.410704306458628,2.3078890926277795,12.995422780174604,4.4964772215308955,2
297,4.758169452756561,0.17587881353680462,8.410134574406891,2.3070639573737246,12.993684787632333,4.506016924566553,2
298,4.748727965493725,0.17677228804296036,8.411880580103082,2.308814475984432,12.998070562304209,4.4967525431816195,2
299,4.7728517771599295,0.17771284758713693,8.413658185624405,2.310728818367328,13.002684852238982,4.520762303036059,2
300,4.798246884852697,0.1785297923311937,8.415316272335609,2.3124496105222554,13.006847243488451,4.545665537861005,2
301,4.82030439294223,0.17914849010719172,8.416576288615564,2.313777387148798,13.010011373515498,4.566820372211121,3
302,4.837009232894176,0.17867695722121346,8.417862989770152,2.31508077802697,13.012082868586859,4.582381474465919,4
303,4.824277844972763,0.1782030711314642,8.420495688184134,2.3180933619854494,13.010706215382125,4.568379356508159,4
304,4.811482920549533,0.17740178256734265,8.421799356887837,2.319664960120758,13.006573153739257,4.378787095923904,4
305,4.789848129318251,0.1762901420073333,8.424004763337921,2.322417887533879,13.00453614293614,4.189562226913211,4
306,4.759833834197999,0.1748843162420083,8.425151759370356,2.323786589074803,13.000073591140877,4.000687920922496,4
307,4.721876538534223,0.17319986929651845,8.426113123672533,2.3248905417812824,12.995186692654874,3.812275187969711,4
308,4.676396471005998,0.1712520339235702,8.426034698608154,2.3246998253995668,12.987999255819833,3.624565369613932,4
309,4.623804915936395,0.16905567554982198,8.427874727796588,2.32706299068468,12.985296827269142,3.437771394112352,4
310,4.564503239845194,0.16662385394354923,8.429808756978323,2.3295588599191746,12.982834404103455,3.251319572457906,4
311,4.498844056475829,0.1639690073384943,8.430132466331257,2.3299694014628662,12.976694513960375,3.065226889746176,4
312,4.427163198139346,0.16110319601170692,8.430400770161901,2.330272349896468,12.970412619725536,2.879625081674163,4
313,4.349786292316087,0.15803801792630467,8.430148780581913,2.3298861798495762,12.962947224438519,2.694590126198876,4
314,4.267026484010226,0.15478473696216571,8.431029860961518,2.3311183783764617,12.958253063677079,2.510254763375176,4
315,4.1791878979784745,0.15135374806283713,8.432270571138512,2.3329296066986087,12.954515224111125,2.326453892341041,4
316,4.086551197696602,0.1477548197052203,8.433559467117576,2.3349378019455256,12.951041273710644,2.1431298845835283,4
317,3.9893801320409485,0.1439972856841612,8.433323129648729,2.3346722568488962,12.943788348233094,1.960311760669021,4
318,3.8879267134723525,0.14009007621855132,8.434311001190125,2.3362386829086534,12.939612964955764,1.7780336020430276,4
319,3.782432057900886,0.13604174318229784,8.435623150103897,2.338396094823098,12.936372615234124,1.5963322183239876,4
320,3.6731270659220416,0.13186033127036417,8.436251972916876,2.339501863075415,12.931417385579877,1.4151646334778667,4
321,3.5602289442998325,0.12755349891804998,8.437140751922348,2.3409927329398124,12.927128300681881,1.2345394740501818,4
322,3.4439444707873497,0.1231285714949583,8.43797109961156,2.342516749853679,12.922834905794586,1.0544836623178364,4
323,3.3244714303638743,0.11859250246850246,8.4382411621068,2.3431298167204226,12.917091542448818,0.8749941560777199,4
324,3.2019975666495664,0.11217791755845481,8.43871855475621,2.3425525605693673,12.908613140768217,0.6960788529683988,4
325,3.02880377407828,0.0,8.438173508019261,2.3402516012978913,10.778425109317153,0.46985832213660134,0
326,0.0,0.0,8.437351902078618,2.3381094602860784,10.773829882597369,0.0,0
327,0.0,0.0,8.436534423264087,2.3361205762522874,10.76939203998172,0.0,0
328,0.0,0.0,8.435715757189971,2.3340856312546037,10.764906949142592,0.0,0
329,0.0,0.0,8.434905541962141,2.332365638585507,10.760745261478338,0.0,0
330,0.0,0.0,8.434097882202458,2.330739499697901,10.756679983063721,0.0,0
331,0.0,0.0,8.433285807879106,2.328946270426358,10.752443199701498,0.0,0
332,0.0,0.0,8.432476175420721,2.327242638864255,10.748298455913682,0.0,0
333,0.0,0.0,8.431666279756229,2.325527344821256,10.744141786438862,0.0,0
334,0.0,0.0,8.43085951126992,2.323927131443096,10.740103324807064,0.0,0
335,0.0,0.0,8.430053182301368,2.3223414380743597,10.736079822702447,0.0,0
336,0.0,0.0,8.42924638661483,2.320736399717117,10.732036508891337,0.0,0
337,0.0,0.0,8.428442778233487,2.3192484717405146,10.728113492766063,0.0,0
338,0.0,0.0,8.427639451068263,2.317769052888484,10.72419926698148,0.0,0
339,0.0,0.0,8.42683450259714,2.31622714925043,10.720220935104974,0.0,0
340,0.0,0.0,8.426033136800328,2.314816929696026,10.716377869986431,0.0,0
341,0.0,0.0,8.425229882381434,2.313334250817529,10.71246045692171,0.0,0
342,0.0,0.0,8.42442434772665,2.3117645987621604,10.708453790444226,0.0,0
343,0.0,0.0,8.423615973610696,2.3100872399268946,10.704336577725678,0.0,0
344,0.0,0.0,8.422810553384627,2.308518072109232,10.700330509914618,0.0,0
345,0.0,0.0,8.422005932882657,2.306976767297706,10.696353104833792,0.0,0
346,0.0,0.0,8.421199916786174,2.3053815915995206,10.692320433271794,0.0,0
347,0.0,0.0,8.420391844828215,2.303708046071706,10.688207336018692,0.0,0
348,0.0,0.0,8.419586448565255,2.302132186357028,10.684194600273726,0.0,0
349,0.0,0.0,8.418783371567368,2.300640646068515,10.680268503219997,0.0,0
350,0.0,0.0,8.417983374262619,2.299261586829667,10.676457966909071,0.0,0
351,0.0,0.0,8.417185002241498,2.297940854755394,10.672707383046347,0.0,0
352,0.0,0.0,8.416387010337218,2.296632146645955,10.6689692032653,0.0,0
353,0.0,0.0,8.415587258172906,2.2952559907249173,10.665161815412622,0.0,0
354,0.0,0.0,8.41478787359853,2.2938914287092538,10.661366389055257,0.0,0
355,0.0,0.0,8.413989958535609,2.292579328736718,10.65762489425247,0.0,0
356,0.0,0.0,8.413191224180942,2.291234751116361,10.653850102510116,0.0,0
357,0.0,0.0,8.41239232480459,2.2898819881163672,10.650066960366443,0.0,0
358,0.0,0.0,8.41159088881056,2.288433154378923,10.646185210867637,0.0,0
359,0.0,0.0,8.410789166443985,2.2869717264293574,10.642290580784168,0.0,0
360,0.0,0.0,8.409986616509688,2.2854776762236746,10.638362500876859,0.0,0
361,0.0,0.0,8.409187058190955,2.2840924354063907,10.634546221973515,0.0,0
362,0.0,0.0,8.408385906743383,2.2826462053336076,10.630667360685832,0.0,0
363,0.0,0.0,8.407583747320489,2.2811607039661386,10.62674822012814,0.0,0
364,0.0,0.0,8.4067813641072,2.2796649785637833,10.622818631745169,0.0,0
365,0.0,0.0,8.40598154162987,2.278261983233241,10.61898433416997,0.0,0
366,0.0,0.0,8.405185330198103,2.276990428898565,10.615285088636197,0.0,0
