1,0.0,0.0,1.121037055316119,0.7817037219215859,1.7073969577377879,0.01237030981446695,0
2,0.0,0.0,1.1355065539497082,0.7817037219215859,2.5565827595558748,1.4191780187600231,0
3,0.0,0.0,1.090067331411847,0.7817037219215859,1.682815667669547,1.682815667669547,0
4,0.0,0.0,1.1056957950760076,0.7817037219215859,2.2272569686614383,1.8817091175401321,0
5,0.0,0.0,1.152437714111561,0.7817037219215859,1.0841638357778516,0.0,0
6,0.0,0.0,1.113806991383828,0.7817037219215859,1.4108553476194803,0.46548930390216803,0
7,0.0,0.0,1.0201551906098114,0.7817037219215859,0.6567001962215707,0.0,0
8,0.0,0.0,1.0883627400212603,0.7817037219215859,1.6686115763252676,0.21691968872885925,0
9,0.0,0.0,1.0992625363970494,0.7817037219215859,1.6095177711720767,0.839284651912662,0
10,0.0,0.0,1.0030525982955827,0.7817037219215859,0.5066567564460989,0.0,0
11,0.0,0.0,1.0143458258891749,0.7817037219215859,1.0201040882296732,0.0037476110275968693,0
12,0.0,0.0,1.0604264677984498,0.7817037219215859,2.4865114685173375,0.6603923729590926,0
13,0.0,0.0,1.032877924801381,0.7817037219215859,0.581667053748817,0.0,0
14,0.0,0.0,1.0144480118249397,0.7817037219215859,1.052046732139368,0.0,0
15,0.0,0.0,1.0217347259415919,0.7817037219215859,0.4054235497680343,0.3650520785159656,0
16,0.0,0.0,0.969258184043569,0.7817037219215859,0.24417388459342765,0.0,0
17,0.0,0.0,1.0555396572895717,0.7817037219215859,0.6298323319926589,0.0,0
18,0.0,0.0,1.0744535925101728,0.7817037219215859,0.9381502002890751,0.0,0
19,0.0,0.0,1.103865221391229,0.7817037219215859,2.52912078975441,1.5509601187116973,0
20,0.0,0.0,1.0682879888302237,0.7817037219215859,0.8074914491951664,0.0,0
21,0.0,0.0,1.0557305223020732,0.7817037219215859,0.4557524948633197,0.0,0
22,0.0,0.0,1.0930437843469787,0.7817037219215859,1.3510885909957557,0.0,0
23,0.0,0.0,1.082346210371856,0.7817037219215859,0.5940808281199119,0.0,0
24,0.0,0.0,1.0564408254515127,0.7817037219215859,0.013897288683297013,0.0,0
25,0.0,0.0,1.088634662449129,0.7817037219215859,0.7005059766582407,0.0,0
26,0.0,0.0,1.0658408605500764,0.7817037219215859,1.6957809080663504,0.0,0
27,0.0,0.0,1.0714330651148654,0.7817037219215859,0.5388569731591499,0.0,0
28,0.0,0.0,1.0114539094155868,0.7817037219215859,0.37415192233994743,0.0,0
29,0.0,0.0,1.024874260408661,0.7817037219215859,1.6410349669075874,0.37333226506232614,0
30,0.0,0.0,0.9852600695606946,0.7817037219215859,0.282660621573642,0.0,0
31,0.0,0.0,0.9873348399852572,0.7817037219215859,0.24755890171732595,0.0,0
32,0.0,0.0,1.0866402428521778,0.7817037219215859,0.9336788531976457,0.0,0
33,0.0,0.0,1.0832721241186707,0.7817037219215859,0.3663063386507577,0.26103090619445635,0
34,0.0,0.0,1.1543787921623339,0.7817037219215859,0.5290026707404106,0.5151058133244658,0
35,0.0,0.0,1.2218476756206869,0.7817037219215859,0.2677462433282035,0.0,0
36,0.0,0.0,1.1854588740876237,0.7817037219215859,0.03411965475942186,0.0,0
37,0.0,0.0,1.1960941200506223,0.7817037219215859,0.01690938192300527,0.0,0
38,0.0,0.0,1.1925891288881267,0.7817037219215859,0.15184483538958216,0.13616734763315075,0
39,0.0,0.0,0.380962737775039,0.07905070212343729,0.18082830417438384,0.0,0
40,0.0,0.0,0.3674015124581568,0.09764895835117665,0.013133055149077536,0.0,0
41,0.0,0.0,0.41724385959993743,0.08704061782364789,1.487257202712589,0.0,0
42,0.0,0.0,0.23991039822038202,0.06006627690247281,0.01032071956635339,0.0,0
43,0.0,0.0,0.24595840608922517,0.06435661981109608,0.02031222620393098,0.0,0
44,0.0,0.0,0.33744055375107335,0.07748360272561979,2.6140654178488885,0.25465171281924975,0
45,0.0,0.0,0.27621224202103467,0.059452488653494236,0.019841429008551,0.0,0
46,0.0,0.0,0.36204268628118264,0.08052608667234272,0.6750370740927215,0.34255778506717294,0
47,0.0,0.0,0.44369038417351814,0.10231543060179206,2.907793237128411,0.5848315296677389,0
48,0.0,0.0,0.6836359558760354,0.17367257948182108,0.22678769612015057,0.1389848172917897,0
49,0.0,0.0,0.5476593785402061,0.09210483653678804,1.5820260955497596,0.6287202303639633,0
50,0.0,0.0,0.41563614482870526,0.10324874774232896,2.010270840875553,0.35969548671454477,0
51,0.0,0.0,0.4566624282560556,0.10350609170810851,0.4699228889597512,0.36823561441530883,0
52,0.0,0.0,0.45509981239656205,0.10053901979371117,2.257522795091287,1.7066744857647123,0
53,0.0,0.0,0.4249385140097135,0.0974857571235286,3.2687179147595993,3.2687179147595993,0
54,0.0,0.0,0.5284360983379524,0.10834576276378688,1.2947933452131593,1.2947933452131593,0
55,0.0,0.0,0.6973433646336231,0.1040258561853112,0.18186773709797302,-0.013630376076771124,0
56,0.0,0.0,0.8984501574041686,0.10035133873456678,0.5254353070996538,0.029241116552356165,0
57,0.0,0.0,0.4553060587470369,0.09485149854606728,2.958655212396681,0.002342359973240794,0
58,0.0,0.0,0.6205753061762551,0.09222611192110065,2.2727560244796865,2.0059779339205823,0
59,0.0,0.0,0.353969813205273,0.08851796922574562,0.1471666526819243,-0.0011562467473944325,0
60,0.0,0.0,0.3922123853842208,0.0937435968035552,0.015414318229186586,-0.024968735359056343,0
61,0.0,0.0,0.4162599290610078,0.07292463552199552,1.7926606552066804,1.394944581950517,0
62,0.0,0.0,0.32100394854131803,0.07150595498124653,2.956084770938395,0.03020491888421132,0
63,0.0,0.0,0.33142004715373125,0.07506755661220425,3.123229157326372,0.004171509037178987,0
64,0.0,0.0,0.45522749623749126,0.08700323849251423,3.853880411979402,0.3109388729623224,0
65,0.0,0.0,0.5504409309159568,0.08413542243802194,5.443630193988054,0.39766941342388784,0
66,0.0,0.0,0.3348249058991286,0.08109169928461751,-0.015080012576745107,-0.015080012576745107,0
67,0.0,0.0,0.4553341220378972,0.11216323472576147,4.043637636972953,1.5876857106040365,0
68,0.0,0.0,0.46884506781201857,0.10274327975453036,5.098982871359845,3.0920774671126825,0
69,0.0,0.0,0.4160426133546877,0.09914853397024953,3.188618216276189,0.0,0
70,0.0,0.0,0.4124765492937739,0.08424096848836507,4.023602463788575,0.9225552743660498,0
71,0.0,0.0,0.4913442887209417,0.08731835580564418,3.6000678439760954,1.075119034928897,0
72,0.0,0.0,0.6728700069149889,0.08394374646923095,0.49685284029574256,0.30177460537307693,0
73,0.0,0.0,0.8793121700504632,0.07963192497216065,0.23542919093054954,0.0,0
74,0.0,0.0,0.6345745056860349,0.07539610404888951,0.052595267379579036,-0.004612793886445171,0
75,0.0,0.0,0.4449369671790888,0.07281825840898169,2.046548483378525,0.010507328109989732,0
76,0.0,0.0,0.3234334796780233,0.06999032123006377,1.5186254022852426,0.0,0
77,0.0,0.0,0.42871297124236835,0.1196248321486686,2.5525298372762837,-0.0922398935035162,0
78,0.0,0.0,0.7741877237405698,0.12056507122297631,0.5720714240397506,0.4308307110155251,0
79,0.0,0.0,0.8753888906813135,0.1145285914953284,0.11171340953162234,0.0,0
80,0.0,0.0,0.5892324548303404,0.10865221330364436,0.08033613361044546,-0.01062528647383446,0
81,0.0,0.0,0.4463858292582974,0.10478500444949798,0.0033358688768903837,-0.006842310485712926,0
82,0.0,0.0,0.39673620997935266,0.07487412702305345,2.762709900894516,2.1444218065891363,0
83,0.0,0.0,0.3788307773250004,0.0961699889344583,3.4834177496616583,0.7933301978750102,0
84.0,0.0,0.9037161391053512,0.6125990684364367,0.11698792879517686,0.15515087747266204,0.6555577143345306,0.0
85.0,0.0,0.9345964736840583,0.5869144848822091,0.10534984775856147,0.8104819272282865,0.5133926707492706,0.0
86.0,0.0,0.7188471413262981,0.5215496715523567,0.09097900374719756,1.1224262903912823,0.48070011022547404,0.0
87.0,0.0,1.0335269650547656,0.6746329435190552,0.13037615150857385,0.3441084746878324,-0.38641885273644133,0.0
88.0,0.0,1.3598834314077275,0.8968545472354207,0.1825832185630635,0.06920420382999509,-0.3095238443529813,0.0
89.0,0.0,1.4978130532578533,0.9826227937653259,0.20626692676481456,-0.08787932570125043,1.6104485269517828,0.0
90.0,0.0,1.403298524905238,0.8484169741368013,0.17824144943509185,0.2442369155092275,-4.337525267865115,0.0
91,0.0,1.6757404491676993,1.0156598728978958,0.21746194267834557,0.01422099058299061,1.3116244350705122,0
92,0.0,1.846442777082307,1.2250914609380699,0.28255313473508187,-0.06640059783744162,1.094920955738784,0
93,0.0,1.167215358514956,0.6969682291412661,0.15341839807200974,1.2022995345002165,0.9375712096173973,0
94,0.0,1.7235418896311474,0.9049788151214541,0.1889425813953276,1.2475020396107144,0.557444404717349,0
95,0.0,1.923395150705288,1.0287967486551368,0.22393216127598822,0.4436083944443403,0.10399736276369977,0
96,0.0,2.6945708882279944,1.507162724722272,0.3499174303934915,0.13347959689819103,-3.6936539939254494,0
97,0.0,2.900304803102971,1.7482003411371232,0.4344792137844375,0.2598558414292898,1.0959181503119682,0
98,0.0,2.8156869246984355,1.934690693746233,0.5632769459011433,0.3782067793614285,0.8124430783907562,0
99,0.0,2.750161613781411,1.8052100899662675,0.5212715925499264,0.8877243803093279,0.5486145524426261,0
100,0.0,3.21898802515011,1.6997045421441557,0.4364446784569768,0.3526050438854636,0.9125993270975601,0
101,0.0,3.2501995504909185,1.7374011979877333,0.47717232181568514,2.4112362270793155,0.8023108310026901,0
102,0.0,2.979796328775917,1.4345255429219,0.3312391127765025,5.389965156664113,1.6601831119431252,0
103,0.0,4.280520966630566,2.092623605510907,0.5527701365302815,3.498724852683458,4.622574010862828,0
104,0.0,5.127505207479595,2.5693730349165826,0.6951105557749968,2.1744454075855804,3.051850882548133,0
105,0.0,5.491472046658091,2.9565293865159066,0.9133337729719735,4.552274943273732,2.062768539750007,0
106,0.0,6.094437954536526,3.1794388011208534,0.9884118487087604,2.1198093002309015,1.8008731911570819,0
107,0.0,5.005728762420715,2.2714527598229273,0.61509388504663,4.355706793424681,1.0370609812171518,0
108,0.0,4.903135348075742,2.4292476706685813,0.748425621256767,1.9354998726671664,1.26660201113157,0
109,0.0,3.9842270015087817,1.832817978940804,0.5646074087160032,0.7419136030043856,0.20847272918918533,0
110,0.0,5.086483601466051,2.116839665567422,0.5730808324158118,1.1537388881921506,0.4371884765753666,0
111,0.0,4.778219861411966,2.238028834699311,0.7373102184297097,1.1554781156386325,0.4479194066938413,0
112,0.0,5.878719122641247,2.8936660906075997,0.9885601434883762,1.160217265827665,0.9836779341619423,0
113,0.0,5.604824266233138,2.9289079097399746,1.037475892901476,2.118470628890323,0.9473749253456539,0
114,0.0,8.004306016077782,3.4966911271945182,1.0249483254177578,5.449795539328306,3.578710556493985,0
115,0.0,8.140855487811827,3.454901752842713,1.024802223830685,3.6433422177082075,0.34153782582291825,0
116,0.0,9.12566673852549,3.915402310540964,1.207261268037905,3.1893679728597104,-13.354852297351888,0
117,0.0,10.618323721207695,4.995553330440468,1.7341453496829526,4.832461190946686,3.2974296127238203,0
118,0.0,10.248971975770248,4.825756679340438,1.6665169338024042,4.067233791631431,2.058779251636208,0
119,0.0,8.830310808615772,3.7427866916620136,1.1753512658534548,1.6383021364121602,-0.18265187877589523,0
120,0.0,9.472956938859262,4.312963923684595,1.4782089808673093,3.071541950256416,1.7112627113733971,0
121,0.0,6.900339293412882,3.864370120407489,1.6498482781856902,2.5676573070856548,2.138113028429181,0
122,0.0,11.159951982254897,5.026099448549927,1.6500606417217176,6.673980836468089,1.6460715453876793,0
123,0.0,6.278453031346903,3.2572262170640527,1.315787059832341,1.2639283097280058,0.9650431759681392,0
124,0.0,10.051839622356129,4.397445417883688,1.4299557184863103,2.010870948585646,1.4047338143717258,0
125,0.0,7.072715674486097,3.4298812671012753,1.3405387120095134,1.284129087824167,1.1201215785082095,0
126,0.0,8.707333623953255,3.901843274142139,1.3462649512000195,1.3959370784312313,-0.09705021578300155,0
127,0.0,6.367185427573874,3.394611569280244,1.3523530398963595,0.6573101228951703,-0.07576222303816715,0
128,0.0,12.234095059538948,5.54835010156952,1.8684249850963295,1.9666831968076164,1.3556789352936438,0
129,0.0,11.79632305402955,5.297953173545444,1.7828209308132492,3.0911747290489364,1.9186897502073186,0
130,0.0,8.354657003594394,5.123215380994023,2.3368070431340473,2.0177137423204172,1.902868418155924,0
131,0.0,5.0852415886644176,2.828560904080419,1.1940994745965499,0.560082658958091,0.3291035124880035,0
132,0.0,5.409586522342025,2.962738501576919,1.2259339689029969,1.214023283413294,0.3620610921176418,0
133,0.0,8.848799710794415,4.526393751295504,1.7294405952780691,1.9224794180811624,0.8313729215013397,0
134,0.0,10.964237188927244,5.171608959613406,1.8493646685021703,4.728128177252733,1.4650768378168768,0
135,0.0,13.182114262916214,5.773808238601051,1.8635539158041368,9.615700774603713,-29.670820243049945,0
136,0.0,11.29177715354547,5.431420217606686,2.060674357915455,5.606279463987174,3.982771635901187,0
137,0.0,8.153548463259765,4.196063919955363,1.698346026676966,1.7497322353503342,1.4565788716624586,0
138,0.0,11.079079788628363,5.097246074111219,1.7868475577202345,2.5776135762821664,1.6503473228921144,0
139,0.0,12.320872736916902,5.691100749375932,1.9933647817083835,3.2683298614101344,2.1142557674331437,0
140,0.0,12.708022044934099,6.017383739174969,2.1633037628172676,3.171832283753393,2.3069653285320144,0
141,0.0,12.585630021867926,6.126212000665814,2.2508458894920156,3.110582751310088,2.623838039614935,0
142,0.0,9.831195186065708,5.1050615589866535,2.0446929072444218,2.5776796104026003,2.3134936766959893,0
143,0.0,7.356528957413724,3.605046962471076,1.4262570574276523,1.632866467155777,1.2513435651242195,0
144,0.0,6.730944428353808,3.23230691027867,1.2297400426256806,1.4836198857302523,0.4495527931658608,0
145,0.0,13.252403850706942,5.598044606274478,1.810337597175946,5.067988166009163,1.009299294393654,0
146,0.0,9.393365522497099,4.756224989960129,1.9013998306803215,2.641583187023319,1.5618612446650544,0
147,0.0,8.270403493205439,4.414620710845655,1.8729002962335894,2.0695471076815,1.6286962559733016,0
148,0.0,5.6155649030009185,3.5706581333806398,1.681977970870045,0.9863646285223953,0.33746143947757085,0
149,0.0,5.553597812628929,3.479896557768308,1.6213800395603963,1.0845214379027714,0.197172539781174,0
150,0.0,7.144832871533909,3.857798850331204,1.6554700324319878,2.0054931592701335,0.8414505020906059,0
151,0.0,9.536737458984792,4.104559942977621,1.400472872599989,2.8290655581211586,0.8849847419511094,0
152,0.0,9.126252861815201,4.0325971721167235,1.4410538462272686,2.4432765181070133,1.1310513476495119,0
153,0.0,5.622023718443256,3.1578702432299095,1.371905648357018,0.9408082423552974,0.12505476686750377,0
154,0.0,11.741208022759762,5.384720856701349,1.905470015145219,3.375991669102811,1.3066014595188071,0
155,0.0,12.729281081767148,6.069354102518326,2.2108702687166177,4.609819068472392,1.7391605860287542,0
156,0.0,10.030820574724123,5.471237501522022,2.3035178966356944,2.1480048497376405,1.3973983972546642,0
157,0.0,13.715664576519496,6.589639597619844,2.4777433113890015,5.059004886527396,2.0546778741258382,0
158,0.0,10.862831417634375,5.61245857438262,2.2850226068061463,3.5603573917976665,2.413361363171212,0
159,0.0,8.388276102103108,4.594897192106446,1.970471380309694,1.8594338009139897,1.0673560623510845,0
160,0.0,12.451827077304593,6.054488758065766,2.3161446963563894,4.138634140833323,2.530753494015111,0
161,0.0,9.82876192400987,5.618914602097633,2.481962961970567,2.716758047223183,2.0391269104348475,0
162,0.0,8.76199562342524,5.181255479211805,2.3344067943155578,2.070541639486478,0.8826793888516233,0
163,0.0,10.085228581290568,5.847803078115817,2.658179244199512,2.4567513635166094,1.8157635653950766,0
164,0.0,8.919539021700878,4.994451286305158,2.1834548242583884,2.21843374179109,1.1882249044249509,0
165,0.0,9.212632406282834,5.240415989619704,2.3265327351780023,3.124803477055646,1.7223831639303928,0
166,0.0,11.87492838644214,5.910347443349961,2.3750141916157985,4.545533354176803,2.907919825956962,0
167,0.0,8.409337651210613,4.948600140908091,2.271931090427062,2.1667442395187244,1.5621557075327193,0
168,0.0,7.138100897304668,4.199162847793694,1.9158694093821678,1.043452169487388,0.44487808818808083,0
169,0.0,7.554924816179782,4.5434911004056655,2.1161887729263205,1.6166873597970879,1.241144438484961,0
170,0.0,10.181728111799922,5.519043236513482,2.3554974703567226,2.308838958305002,1.4307689589180428,0
171,0.0,11.551838008866667,6.293890060577666,2.6776271973471184,3.6539631907672088,2.1031860724300353,0
172,0.0,12.586782831802575,6.907107381082789,2.9399940639691646,5.82230590196874,3.531620275482156,0
173,0.0,13.972240536680632,7.50025836967887,3.068714884199109,6.2355897667389755,3.306220555513246,0
174,0.0,11.653027445405618,7.218435451286264,3.350382564663162,5.320267167277163,4.24871956436609,0
175,0.0,13.905336113513519,7.8977158560825895,3.408853675458484,7.0078335804971745,5.938112224766526,0
176,0.0,10.441589131048572,6.1328047070326965,2.7709498064129527,2.335200166844091,2.0016236305457915,0
177,0.0,6.599754230891542,4.511256871279908,2.26563796715938,0.8537244585001795,0.6343335552273105,0
178,0.0,6.730023380636812,4.759118551069763,2.4226932008625437,0.676433037868588,0.5053675112316479,0
179,0.0,12.91253954434442,7.286453578573247,3.1213955952536963,3.171531459322758,2.731283562407221,0
180,0.0,12.90591031706021,7.672503787021787,3.3754157081959684,5.145491915553137,4.624256472235611,0
181,0.0,10.834867900694617,7.066815840875817,3.3664025567863542,4.166678993922847,3.937352907373268,0
182,0.0,11.582389848680146,7.224506358806521,3.3240241929590053,3.622927787918477,3.446766805494698,0
183,0.0,10.164535094959318,6.542657901661582,3.139872650936351,2.752731663149628,2.657403344524825,0
184,0.0,13.318447950414312,7.4850493359066075,3.2173346959955973,2.938214764847218,2.8263014215609585,0
185,0.0,13.227069233942744,7.793588196404584,3.4492700583824814,4.812773850369923,4.67576374517638,0
186,0.0,12.689069648154623,7.418192264558943,3.2882684669071187,3.691244390223064,3.570915618497537,0
187,0.0,13.132480115960428,7.50205421771212,3.2524807569905105,3.8671143642420316,3.7167562041737083,0
188,0.0,10.696955142456758,6.714902485455893,3.1551265627955485,2.750664724087659,2.662000900584016,0
189,0.0,9.941607148087673,6.889613510503869,3.43617247224671,3.3819069226069707,3.284357410502532,0
190,0.0,12.681053890471851,7.6305312051158944,3.4316251548641685,2.7655152814032573,2.6496953989828214,0
191,0.0,13.911163660108945,7.872695259146505,3.3528980774523465,3.935946349613518,3.754198737510899,0
192,0.0,14.113493063348146,7.912142309651015,3.3458900499007136,3.6595709181752643,3.4493307598541425,0
193,0.0,13.741515965474893,7.763564460565019,3.324333873497352,3.1228490767837114,2.9829066213559825,0
194,0.0,13.628367579868796,7.716747865208285,3.305748579821344,2.8509131354914947,2.7113230591381674,0
195,0.0,13.299453388249939,7.666555162371972,3.318490650736788,3.2780627075488518,3.1374533643060123,0
196,0.0,13.769537902887993,7.841606425206118,3.3407938200127067,3.456372635372782,3.1691364311236185,0
197,0.0,14.079177749284847,7.875248765112192,3.325414880648481,3.0118689456637155,2.8300844276111294,0
198,0.0,14.063520837250623,7.971670060704515,3.3907909717177174,3.444447564880291,3.2618705639732957,0
199,0.0,11.627884248497626,7.481233037980291,3.505487875906829,3.52890235765387,3.3962225553618874,0
200,0.0,6.755432566139454,5.972459309746602,3.3409001795256756,1.1876308714248756,1.141092300544712,0
201,0.0,8.369896572026702,5.9673669760994565,3.0283968885963928,1.4875434832982293,1.4264677390733327,0
202,0.0,8.817453444855753,4.980992744846873,2.211226580542152,1.6684499612684673,1.5910923194887039,0
203,0.0,12.152361256479207,5.875174795703728,2.255884423995932,2.1652389716633853,2.030967660740395,0
204,0.0,10.845826828492182,5.9938715478923825,2.592936185883225,1.9740194691278026,1.8872565220103423,0
205,0.0,12.985343895524386,7.103374163732656,2.992590227165722,2.582307645508278,2.451820876769294,0
206,0.0,13.485569937532913,7.543406741890418,3.2290247677573927,2.577386665130646,2.4573130387409834,0
207,0.0,11.851472045054267,7.153685654873992,3.2627156969298414,2.5582461872843685,2.457479183548746,0
208,0.0,10.154900883843943,6.884294837401638,3.380141622693463,2.369674300451035,2.27169476529238,0
209,0.0,8.103346868483767,6.026343083880487,3.1310569800198977,1.3548184362759101,1.2934980216614125,0
210,0.0,9.066461738702579,6.274679769447411,3.1330394521982066,1.605574537136752,1.5321729702009044,0
211,0.0,10.44987645757592,6.448215870504195,2.9960306323924204,1.8046677791795729,1.7296049650263157,0
212,0.0,6.23082811366552,4.960302564889459,2.6926131677680045,1.131817675817946,1.0940592909335987,0
213,0.0,9.209957505184832,5.920761017625927,2.863746235505144,1.640104385518129,1.5971859910335815,0
214,0.0,9.769552541032654,6.259180863679623,2.996419444318981,1.8297289276139677,1.7676326516109673,0
215,0.0,10.116039156042698,6.434973676323823,3.0457688896016717,1.4676324221972437,1.4096899353954189,0
216,0.0,12.475121021901462,7.23865752273435,3.1789537867511033,2.42937669526847,2.331872965752607,0
217,0.0,11.546916675632314,7.1114313088603405,3.2692408733807845,2.6162862744385094,2.5323716353396866,0
218,0.0,12.997080400914015,7.662091289514339,3.389764225339786,2.539916216427265,2.3781253068884105,0
219,0.0,11.992599949972332,7.366034368174387,3.3395586110524857,2.752543781255916,2.474847763512459,0
220,0.0,13.745629125379352,7.866929915949894,3.3762675673797324,3.136880198187186,0.9136271893652301,0
221,0.0,12.582171906495729,7.718537836940524,3.4839883720602853,3.4984742799803423,3.35152105064315,0
222,0.0,12.80183845930132,7.796642841491865,3.4804026499983127,3.4467427491712423,3.297063505793033,0
223,0.0,10.997034190415722,7.410195944054971,3.524448332659082,3.3365924737367725,3.2146282963141575,0
224,0.0,10.608256150933801,7.32117416942276,3.523362217197671,5.003183775787775,4.838967007268106,0
225,0.0,12.23526442681537,7.620800945571174,3.482504324985249,3.783686070936711,3.6278957775109824,0
226,0.0,11.479656929617018,7.462851538968475,3.52395637785302,3.087738440630206,2.9727744293058773,0
227,0.0,12.356975509778444,7.702733110780963,3.521804118101424,3.4139011056731032,3.268124483408517,0
228,0.0,12.308500323839874,7.689011138252714,3.519426364785563,3.459042030177328,3.3212574617059327,0
229,0.0,12.29484036340499,7.734656151698732,3.5488002921248603,3.4824362068115997,3.3435907466773265,0
230,0.0,11.730454311225119,7.658445659958883,3.5416705237328427,4.1699586886385,4.001649117660264,0
231,0.0,5.2109195204518475,5.057518718187733,2.9351575453562755,1.0200208725435767,0.9885632280386011,0
232,0.0,7.5670305394589095,5.362060192615211,2.7552078646468376,1.4692501708176329,1.2488745740939593,0
233,0.0,5.257190502430702,4.071941098087874,2.1897237018833633,0.571927841995762,0.3371364567323964,0
234,0.0,5.835641974062896,4.332576415543264,2.2758659137924795,1.3077856324681303,0.48832382719755674,0
235,0.0,10.812829856577991,6.555782049628601,2.9871073146690934,3.7986431905115716,1.8354568237047517,0
236,0.0,12.050667470275657,7.318239909161306,3.3308991864314743,5.10229320966211,3.2588716081838167,0
237,0.0,8.130124154675395,6.200525146039259,3.2563067765218285,2.248844852694114,1.8958480899189853,0
238,0.0,9.305184901431433,6.2560017875679454,3.0546128560497023,3.1900801176596354,1.9839537107113143,0
239,0.0,8.348285624813546,5.663429086682489,2.826679701871417,2.6677791797960895,1.7884620415420418,0
240,0.0,11.983942277291028,6.7824073178320665,2.9336719620588263,5.157208851805749,2.2559848629866224,0
241,0.0,12.095266940408727,6.915148772970451,3.0313929252739142,4.875784838928042,2.8772189742235654,0
242,0.0,12.71400740290108,7.068062127187605,2.9912938261888713,6.523627898690277,3.9857006733881315,0
243,0.0,10.926264194463664,6.726758266852688,3.1143086174994057,3.957044352299181,2.165964236440486,0
244,0.0,10.164564302082447,6.959475272470919,3.4388034544377826,4.572365434127567,3.2006449278342273,0
245,0.0,11.482277668634229,7.263827897975798,3.407029418354643,5.982129773920898,3.151576243565816,0
246,0.0,11.297480339964434,7.15367779857008,3.3791166164837376,5.0913693257900965,3.1872884547478018,0
247,0.0,10.887153512894978,6.884563676436893,3.2456092354065063,5.451339672575001,2.9593754898596387,0
248,0.0,9.576370580859747,6.448860585927473,3.183432970454132,3.9881801982004026,2.4663287795336215,0
249,0.0,9.33854700777549,6.036023064821821,2.955463366222236,3.9696099775743185,2.1540060798380125,0
250,0.0,11.794745422958703,6.613869029426264,2.861344673817933,5.852381941718984,1.7396172301548707,0
251,0.0,13.957465328953615,7.3194627248238415,2.985414577798921,5.386506328974964,2.121961134507485,0
252,0.0,12.915082181059864,7.50865752487499,3.3252531348560623,4.541192813816967,2.8366916896368393,0
253,0.0,13.114837194632026,7.629749335344294,3.3563501079157025,4.591970043825493,2.6117864474152235,0
254,0.0,12.585876194013155,7.3952223902126555,3.293071405051944,3.629027754612394,1.8697120153169555,0
255,0.0,13.553771935311865,7.719089069348477,3.3380795741616365,4.4712493051649576,-0.021640320587893534,0
256,0.0,11.865733832668264,7.30600284602554,3.3447053641900357,4.199190877316154,3.4996573127771193,0
257,0.0,11.599353889870086,7.246639032972632,3.3598603322417633,3.3604332393729255,2.944937464784418,0
258,0.0,11.43945197950122,7.220443643602491,3.380575224818626,4.106297737172953,3.7797607121101784,0
259,0.0,11.169258815723781,7.171972774547732,3.408377591698047,4.1941890804699105,3.9871406030892955,0
260,0.0,10.983295655955814,7.096407772671556,3.390619559462712,3.041257737168202,2.8661121830866643,0
261,0.0,12.439742213061251,7.4789867559509595,3.367435739248794,3.6212105413170925,3.284604172617284,0
262,0.0,9.829356289735225,6.345495431739549,3.0511136452681336,2.8623815473939267,2.7474609481983747,0
263,0.0,4.179373887035077,3.696522633462623,2.1319955367232835,0.439287302589803,0.3730508679210065,0
264,0.0,4.337939602458378,4.2315992920235725,2.5072039209494013,0.5965399723715631,0.3511583609714998,0
265,0.0,9.335515207079752,5.748259505311076,2.7059844760745517,3.943997632698967,1.7692708081200548,0
266,0.0,8.94905285988322,5.071661894797112,2.3180508193617184,2.214099957505137,2.0719961431103746,0
267,0.0,11.364230453326542,5.672175908168574,2.2970028765798434,5.7878777517437126,0.6637168253262453,0
268,0.0,10.214371496686285,5.387972190175039,2.3313975104847806,3.7538599982788496,2.1060898583927656,0
269,0.0,6.118036309459158,4.0436009635303005,2.063985040604808,1.024767011342836,0.9428003752818115,0
270,0.0,10.365182223625668,5.342657698646994,2.2263835155250824,3.2124420655099484,0.20791469520834394,0
271,0.0,11.524430796533983,5.7089869885994196,2.2836259297332724,2.7734046756731843,0.8738198615535286,0
272,0.0,12.192644173346721,6.154268767498887,2.487279899860327,2.6414613916607688,0.7614306618102402,0
273,0.0,11.10681379694269,6.458436412006235,2.9150644656165183,3.1469562701555245,1.9556160871866128,0
274,0.0,9.790450663041517,5.716448244054649,2.6611648379053823,2.547525749109278,2.4000860163767372,0
275,0.0,6.781695306311803,4.291428341727285,2.2073120400794437,0.7887112707045048,0.8184934769519538,0
276,0.0,12.190382155683444,5.50514692906593,1.9978867745450395,1.7119333806526802,-13.607325163148447,0
277,0.0,12.702076769973596,5.615654125860096,2.001280331975321,1.40125189300373,-5.113973637633381,0
278,0.0,3.300530284778761,2.774404712337569,1.621848880190205,0.36662495829027125,0.2969705841712565,0
279,0.0,10.153568977831945,5.344942341140388,2.268799956079771,4.3753357789453275,0.6361555864430706,0
280,0.0,13.764868183325186,6.377545717480202,2.363115282065154,4.515700662864702,0.6163331010695161,0
281,0.0,11.34560359624485,5.533173673157677,2.211172176008483,4.30181992586623,0.3920330721108456,0
282,0.0,9.027703534984227,4.99367489321508,2.214376715621044,2.6042842023309447,1.4604725925431468,0
283,0.0,9.675593014363892,5.234113665184206,2.2844028267717458,2.54380366637918,0.5815740270517533,0
284,0.0,10.493791659532324,5.6599263241966655,2.4823413785166935,3.0082455576923666,1.1701949150778894,0
285,0.0,10.462026766305607,5.475627107669531,2.3322008289607687,2.5557195532191184,0.56713883267392,0
286,0.0,9.081751453323182,5.196740282826897,2.4176177719212832,1.870293943648522,1.2186766488058964,0
287,0.0,10.69688794544237,5.715539055173665,2.488462129090802,2.0044175795962325,0.6716302427610592,0
288,0.0,5.878293859362495,5.171343129824619,2.970894507652738,1.2792054202513528,1.0378183693080463,0
289,0.0,10.492155087008841,6.370027597251671,2.975254036390082,4.104301889799179,2.9370309595987885,0
290,0.0,10.625475139775261,5.734547283551348,2.496057009395272,3.135112249663332,1.105137991787305,0
291,0.0,7.616911093248014,4.560429869535412,2.2149952397712216,1.7874700858653216,1.0914241126484236,0
292,0.0,6.220624883678605,3.6101734994974772,1.7559980051708677,1.2537048039972745,1.0721695731074834,0
293,0.0,7.302956599827434,4.218377869172322,2.019930725507018,1.4760429661478005,1.0283767347794084,0
294,0.0,6.678346428893958,4.143702779314201,2.06379555744375,1.7597148304849555,1.3539143640618247,0
295,0.0,6.1417253564971315,4.176094541879802,2.1490931785236347,0.8993177653766098,0.3610226761254996,0
296,0.0,9.276685221910528,5.659152964569181,2.6885144100979113,3.363766198632626,1.7984352942330288,0
297,0.0,7.246308162462975,4.736384192420471,2.388685754676614,2.0283085055889205,1.1688258877193944,0
298,0.0,9.340228968570782,5.47436687453516,2.533712599693347,3.0046624613727952,1.1793028608124119,0
299,0.0,11.309010653328443,4.958946223375831,1.7799887709236413,4.0719264106387465,-1.2283626896666893,0
300,0.0,10.640524137838575,4.52676642807691,1.5772620351047253,3.806191101932178,-6.294353972148494,0
301,0.0,10.357624706418147,4.568544575443321,1.6902946076530656,2.235179578204665,-2.7856295453194084,0
302,0.0,10.732306161342247,4.739319880324747,1.744609945788715,1.6349558419685293,-1.804749248232696,0
303,0.0,8.616564852764569,4.386045831845192,1.8899256791561048,1.075546232790697,0.09622024840294062,0
304,0.0,10.253359736994113,5.0902537596604,2.0899103214698695,1.3132276613422007,-0.043781127487667965,0
305,0.0,11.569788068682884,5.203025799279195,1.909714135091181,2.4853799427920893,-5.80188537183285,0
306,0.0,9.80440279135541,4.706237244290382,1.885869659687073,0.9219911355585718,-1.1770301471325897,0
307,0.0,6.934520075790779,4.24709312649964,2.1079675438916228,0.7223681274497227,0.1607911937978654,0
308,0.0,9.054323983082824,4.6799723160486195,1.9774899136803388,0.9199666469991447,-0.29799015281692065,0
309,0.0,6.74694888753612,4.182151652975469,2.028951798516162,0.7167317473596028,-0.8465915566835666,0
310,0.0,3.4783404286912583,3.203716497191743,1.8973934417354996,0.37013095154681863,0.0713300440187366,0
311,0.0,9.160450723443503,4.734081065889505,1.9840746943026824,1.1808138216704727,-7.408420340563087,0
312,0.0,5.649391979871897,3.301023749846978,1.5560053154189073,0.8337938383332454,0.1761267187473946,0
313,0.0,7.1112310190108,3.4035788873299153,1.3320609623244708,0.8510565204814711,0.11956429762263449,0
314,0.0,3.5377160950846136,2.468116515931905,1.292384098186514,0.8485875551552639,0.45367318310000193,0
315,0.0,1.2536160865877348,1.7932944692048833,1.107637559131365,0.30966768902186176,0.14555699149595724,0
316,0.0,5.708412929834864,3.342668860526395,1.5169524830496324,2.029268879202484,0.008894949199124872,0
317,0.0,7.172522801998733,3.9200597854555523,1.650922026417076,2.2079391209099333,-0.1546517608993066,0
318,0.0,2.659163451760048,2.654964053376713,1.563050635744117,1.5771773415786967,0.4673740559688512,0
319,0.0,4.415032557074856,2.5863348815782126,1.167716446172805,2.058597003737313,0.31969314536637533,0
320,0.0,6.336199210659026,2.849838837687329,0.9868538875849627,1.7778769431813253,0.5317577568115345,0
321,0.0,0.0,1.6530275485825856,0.7959136543633806,3.476439195790785,0.6998894549770771,0
322,0.0,0.0,1.492212790157222,0.7959136543633806,0.09902494009713016,-0.023369356461914792,0
323,0.0,0.0,1.816854655710427,0.7959136543633806,0.08522869491691738,0.06900888351927091,0
324,0.0,0.0,1.9383349217515036,0.7959136543633806,0.19720089044144584,-0.005600080607113701,0
325,0.0,0.0,1.4943749449417383,0.7959136543633806,2.7962954919385012,1.0780248752546617,0
326,0.0,0.0,1.384739517381577,0.7959136543633806,3.313061126988211,0.2295774179346767,0
327,0.0,0.0,1.4752912186215665,0.7959136543633806,0.0840164842510596,0.03447038635753098,0
328,0.0,0.0,1.5469645122593687,0.7959136543633806,0.3884480462346918,0.0,0
329,0.0,0.0,1.4070613807685162,0.7959136543633806,3.321757227652735,1.0114999433720429,0
330,0.0,0.0,1.3676333816428683,0.7959136543633806,2.9182418009486057,1.6909224685171798,0
331,0.0,0.0,1.3743871527705278,0.7959136543633806,1.0328105074236344,0.9613437921568057,0
332,0.0,0.0,1.452353040129956,0.7959136543633806,0.05525429414988271,-0.010745564013892619,0
333,0.0,0.0,1.637061476929145,0.7959136543633806,0.012034042690017125,0.012034042690017125,0
334,0.0,0.0,1.6610894860025331,0.7959136543633806,0.09051631690792407,0.0414907180050962,0
335,0.0,0.0,1.19217211000927,0.7959136543633806,0.09948080415587895,-0.016368026433880974,0
336,0.0,0.0,1.1162799518249942,0.7959136543633806,0.08163304184222342,-0.02120576792893537,0
337,0.0,0.0,1.3806412911825456,0.7959136543633806,0.03570089123939631,-0.024168310890709886,0
338,0.0,0.0,1.552576085333283,0.7959136543633806,3.652769411024856,0.011501178168919159,0
339,0.0,0.0,1.3766643430227545,0.7959136543633806,2.333842896976915,1.9850783085487305,0
340,0.0,0.0,1.202023097668032,0.7959136543633806,0.33703479565029437,-0.011949748680305006,0
341,0.0,0.0,1.2971273328025916,0.7959136543633806,1.0420780843748756,1.0420780843748756,0
342,0.0,0.0,1.2007638379069672,0.7959136543633806,0.04864489205129155,0.04864489205129155,0
343,0.0,0.0,1.0905026348199036,0.7959136543633806,-0.11176355258626648,-0.11857613720761656,0
344,0.0,0.0,1.164676750377982,0.7959136543633806,2.8477013990538045,0.0,0
345,0.0,0.0,1.2040396853534687,0.7959136543633806,2.855742329944268,0.17030560331424757,0
346,0.0,0.0,1.2947671950553563,0.7959136543633806,1.8690982835979444,1.7580000209448032,0
347,0.0,0.0,1.295622759924914,0.7959136543633806,3.2380233704166694,0.6931557667729583,0
348,0.0,0.0,1.1955690890719561,0.7959136543633806,0.035172777598286895,-0.10243702679860311,0
349,0.0,0.0,1.335171415507534,0.7959136543633806,0.6867117741497423,0.6708879583447837,0
350,0.0,0.0,1.2547517959323058,0.7959136543633806,0.08647245451626019,0.08647245451626019,0
351,0.0,0.0,1.114673664434172,0.7959136543633806,2.0359419259574856,0.0,0
352,0.0,0.0,1.151313581160184,0.7959136543633806,2.436556151801225,0.8674329546953602,0
353,0.0,0.0,1.1281639575104614,0.7959136543633806,1.4755769067983737,1.3623254804910705,0
354,0.0,0.0,1.1530259295179113,0.7959136543633806,2.805768349118816,0.0,0
355,0.0,0.0,1.0990472365889024,0.7959136543633806,1.9725833578118623,0.978244522148729,0
356,0.0,0.0,1.0989756557082553,0.7959136543633806,0.10303539152504738,-0.0035402280038458376,0
357,0.0,0.0,1.1069010633459782,0.7959136543633806,1.0285748233977865,0.0,0
358,0.0,0.0,1.0887603880366021,0.7959136543633806,1.8520877738472978,0.0028637684122604532,0
359,0.0,0.0,1.077507834321856,0.7959136543633806,1.981952074744118,0.00386945596359787,0
360,0.0,0.0,1.065426701376924,0.7959136543633806,1.212397298434616,0.0,0
361,0.0,0.0,1.076603696178484,0.7959136543633806,0.8828374700865306,0.0,0
362,0.0,0.0,1.1172876248989438,0.7959136543633806,1.5117321919482023,0.0,0
363,0.0,0.0,1.1100110549742193,0.7959136543633806,1.303051688718703,0.0,0
364,0.0,0.0,1.1157515397549433,0.7959136543633806,0.8353917032132202,0.0012413332312267507,0
365,0.0,0.0,1.0908435648098376,0.7959136543633806,2.119022954287253,0.25113762767383974,0
